{
    "options":
    [
        {
        "id": 0,
        "title": "Sandomierz",
        "country": "Polska",
        "begins": "2023-02-30",
        "ends": "2023-03-01",
        "price": 150,
        "amount": 22,
        "peopleLeft": 0,
        "description": "Urocze miasteczko, czy epicentrum zbrodni - śladami Ojca Mateusza",
        "image": ["assets/img/snd.jpg", "assets/img/snd2.jpg"],
        "stars": -1,
        "bought": 0,
        "status": ""
    },
    {
        "id": 1,
        "title": "U stóp Matterhorn",
        "country": "Szwajcaria",
        "begins": "2022-12-12",
        "ends": "2022-12-21",
        "price": 1500,
        "amount": 30,
        "peopleLeft": 0,
        "description": "Zobacz najpiękniejsze części Alp w ziomowym klimacie",
        "image": ["assets/img/szw.jpg", "assets/img/szw2.jpg"],
        "stars": -1,
        "bought": 0,
        "status": ""
    },
    {
        "id": 2,
        "title": "U stóp Wezuwiusza",
        "country": "Włochy",
        "begins": "2023-03-03",
        "ends": "2023-04-03",
        "price": 3500,
        "amount": 15,
        "peopleLeft": 0,
        "description": "Zjedz pizze neapolitańską wypiekaną w żarze Wezuwiusza",
        "image": ["assets/img/nep.jpg", "assets/img/nep2.jpg"],
        "stars": -1,
        "bought": 0,
        "status": ""
    },
    {
        "id": 3,
        "title": "Poczuj się jak grecki bóg",
        "country": "Grecja",
        "begins": "2023-03-15",
        "ends": "2023-04-01",
        "price": 1200,
        "amount": 20,
        "peopleLeft": 0,
        "description": "Popłyń w podróż jak Odyseusz i zwiedzaj piękne wyspy Grecji",
        "image": ["assets/img/gre.jpg", "assets/img/gre2.jpg"],
        "stars": -1,
        "bought": 0,
        "status": ""
    },
    {
        "id": 4,
        "title": "Na Przylądek Północy!",
        "country": "Norwegia",
        "begins": "2023-01-05",
        "ends": "2023-01-30",
        "price": 4000,
        "amount": 20,
        "peopleLeft": 0,
        "description": "Podróżuj przez całą Norwegie zwiedzając fiordy, aż na kraniec Europy",
        "image": ["assets/img/nor.jpg", "assets/img/nor2.jpg"],
        "stars": -1,
        "bought": 0,
        "status": ""
    },
    {
        "id": 5,
        "title": "Stolica Katalonii",
        "country": "Hiszpania",
        "begins": "2023-04-20",
        "ends": "2023-04-30",
        "price": 2300,
        "amount": 17,
        "peopleLeft": 0,
        "description": "Zwiedzanie pięknego miasta, oraz mecze FC Barcelony",
        "image": ["assets/img/bar.jpg", "assets/img/bar2.jpg"],
        "stars": -1,
        "bought": 0,
        "status": ""
    },
    {
        "id": 6,
        "title": "Gorące źródła",
        "country": "Islandia",
        "begins": "2022-12-10",
        "ends": "2022-12-23",
        "price": 2700,
        "amount": 12,
        "peopleLeft": 0,
        "description": "Zwiedzaj piędkną zimową Islandię, lub usiadź i się wygrzej w ciepłym źródle",
        "image": ["assets/img/isl.jpg", "assets/img/isl2.jpg"],
        "stars": -1,
        "bought": 0,
        "status": ""
    },
    {
        "id": 7,
        "title": "Śladami Gry o Tron",
        "country": "Chorwacja",
        "begins": "2023-05-05",
        "ends": "2023-05-25",
        "price": 3700,
        "amount": 20,
        "peopleLeft": 0,
        "description": "Odwiedzimy miasta serialu, a w wolnych momentach smaż się na plaży",
        "image": ["assets/img/cho.jpg", "assets/img/cho2.jpg"],
        "stars": -1,
        "bought": 0,
        "status": ""
    },
    {
        "id": 8,
        "title": "Owce na Wyspach Owczych",
        "country": "Wyspy Owcze",
        "begins": "2022-12-23",
        "ends": "2022-12-29",
        "price": 1300,
        "amount": 7,
        "peopleLeft": 0,
        "description": "Zjednocz się z naturą i zwiedzaj piękne wyspy na północy Europy",
        "image": ["assets/img/wyo.jpg", "assets/img/wyo2.jpg"],
        "stars": -1,
        "bought": 0,
        "status": ""
    },
    {
        "id": 9,
        "title": "U stóp Marmolady",
        "country": "Włochy",
        "begins": "2023-06-12",
        "ends": "2023-06-28",
        "price": 3575,
        "amount": 15,
        "peopleLeft": 0,
        "description": "Odwiedź miejsca jak z bajki w malowniczych Dolomitach",
        "image": ["assets/img/dol.jpg", "assets/img/dol2.jpg"],
        "stars": -1,
        "bought": 0,
        "status": ""
    }
]
}